iteration,prompt,accuracy,num_samples,num_correct,num_failed
1,"Solve LSAT analytical reasoning questions by applying the stated logical constraints.  
First, carefully read the scenario and all constraints. Then, follow these steps:  
1. Identify and list all explicit logical constraints from the problem.  
2. Determine any implicit constraints or inferences that emerge from combining the explicit constraints, which could help eliminate incorrect options more efficiently.  
3. Systematically apply the constraints to eliminate impossible or invalid options by explicitly modeling the elimination process for each option—testing it against every constraint and clearly stating which specific constraint is violated and how, for each eliminated option.  
4. Check each remaining option against all constraints to ensure full compliance.  
5. Justify the selected answer by explicitly citing the specific constraints or logical deductions from the setup that confirm its correctness.  
6. Select the correct answer based on this thorough analysis.  
Return only the final answer as a parenthesized option letter such as (A). Do not include extra commentary after the final answer.",0.0,2,0,2
2,"Solve LSAT analytical reasoning questions by applying the stated logical constraints.  
First, carefully read the scenario and all constraints. Then, follow these steps:  
1. Identify and list all explicit logical constraints from the problem.  
2. Before applying constraints to options, analyze them for inherent contradictions or impossible combinations that would violate logical consistency; if any are found, use these to immediately eliminate affected options or scenarios.  
3. Model the problem's structure by creating diagrams or symbolic representations of relationships to visualize dependencies and interactions among elements.  
4. Prioritize constraints by impact: rank them based on how decisively they can eliminate options or narrow possibilities, focusing first on those with the most restrictive or far-reaching implications.  
5. Systematically apply the prioritized constraints to eliminate impossible or invalid options—testing each option against the most decisive constraints first. For each elimination or validation, explicitly construct a step-by-step logical deduction chain that clearly connects the specific constraint to the conclusion, detailing how the constraint leads to the elimination or confirmation of the option.  
6. Check each remaining option against all constraints to ensure full compliance, again using explicit logical chains to demonstrate compliance.  
7. Justify the selected answer by explicitly citing the specific constraints or logical deductions from the setup that confirm its correctness, explaining why those constraints provide conclusive evidence for its validity through a clear chain of reasoning.  
8. Select the correct answer based on this thorough analysis.  
Return only the final answer as a parenthesized option letter such as (A). Do not include extra commentary after the final answer.",0.5,2,1,1
3,"Solve LSAT analytical reasoning questions by applying the stated logical constraints.  
First, carefully read the scenario and all constraints. Then, follow these steps:  
1. Identify and list all explicit logical constraints from the problem, including conditional and interdependent ones.  
2. Analyze constraints for inherent contradictions or impossible combinations that would violate logical consistency; if any are found, use these to immediately eliminate affected options or scenarios.  
3. Model the problem's structure by creating diagrams or symbolic representations of relationships to visualize dependencies and interactions among elements.  
4. Prioritize constraints by impact: rank them based on how decisively they can eliminate options or narrow possibilities, focusing first on those with the most restrictive or far-reaching implications.  
5. Systematically apply the prioritized constraints to eliminate impossible or invalid options—testing each option against the most decisive constraints first. For each elimination or validation, construct a step-by-step logical deduction chain that clearly connects the specific constraint to the conclusion, detailing how the constraint leads to the elimination or confirmation of the option.  
6. Check each remaining option against all constraints to ensure full compliance, using explicit logical chains to demonstrate compliance, and verify that interdependent constraints are satisfied collectively.  
7. Justify the selected answer by explicitly citing the specific constraints or logical deductions from the setup that confirm its correctness, explaining why those constraints provide conclusive evidence for its validity through a clear chain of reasoning.  
8. Select the correct answer based on this thorough analysis.  

Return only the final answer as a parenthesized option letter such as (A). Do not include extra commentary after the final answer.",0.5,2,1,1
