iteration,prompt,accuracy
1,"Determine the truth value of the given Boolean expression by carefully evaluating each logical operator and operand. If the expression simplifies to true, output ""true""; if it simplifies to false, output ""false"". Ensure your reasoning is precise and step-by-step before providing the final answer.",0.604
2,"Evaluate the Boolean expression step by step, applying logical operators in the correct order of precedence (parentheses, NOT, AND, OR). If the final result is logically true, output ""true""; otherwise, output ""false"".",0.732
3,"Evaluate the Boolean expression systematically by first resolving parentheses, then applying NOT operators, followed by AND operators, and finally OR operators. At each step, explicitly state the simplification and verify the logical consistency. If the final evaluation confirms the expression is true, output ""true""; if false, output ""false"".",0.488
4,"Evaluate the Boolean expression by first resolving all parentheses from the innermost outward, then applying NOT operators, followed by AND operators, and finally OR operators. At each intermediate step, explicitly state the simplified subexpression. If the final result is logically equivalent to true, output ""true""; otherwise output ""false"".",0.524
5,"Evaluate the Boolean expression by first resolving all parentheses from the innermost outward, then applying NOT operators, followed by AND operators, and finally OR operators. At each intermediate step, explicitly state the simplified expression and verify its truth value. If the final result is logically true, output ""true""; otherwise, output ""false"".",0.58
6,"Evaluate the Boolean expression by first resolving parentheses from innermost to outermost, then applying NOT operators, followed by AND operators, and finally OR operators. At each step, explicitly state the simplified expression and verify your reasoning. If the final result is logically true, output ""true""; otherwise output ""false"".",0.556
7,"Evaluate the Boolean expression by first resolving all parentheses from the innermost outward, then applying NOT operators, followed by AND operators, and finally OR operators. At each intermediate step, explicitly state the simplified expression and verify the operation. If the final result is logically equivalent to true, output ""true""; otherwise output ""false"".",0.588
8,"Evaluate the Boolean expression by first resolving all parentheses from the innermost outward, then applying NOT operators, followed by AND operators, and finally OR operators. At each intermediate step, explicitly state the simplified expression and verify the truth values before proceeding to the next operation. Ensure the final output is strictly either ""true"" or ""false"" without any additional text.",0.6
9,"Evaluate the Boolean expression by first resolving all parentheses from the innermost outward, then applying NOT operators, followed by AND operators, and finally OR operators. At each intermediate step, explicitly state the simplified expression and verify the operation using truth table principles before proceeding to the next operation.",0.48
10,"Evaluate the Boolean expression by first resolving all parentheses from the innermost outward, then applying NOT operators, followed by AND operators, and finally OR operators. At each intermediate step, explicitly state the simplified subexpression and verify the truth value before proceeding to the next operation. Ensure that all logical equivalences are maintained throughout the evaluation process.",0.536
